rank,slug,docket,application,application_status,customer_number,title,disorder,active_pair,doi,doi_url,zenodo_url,github_url,published,paper_status,patent_status
1,major_depressive_disorder,MHMDCNS-001,"64/090,703",Application Undergoing Preexam Processing,234900,Pharmaceutical compositions and methods of treating Major Depressive Disorder with a combination of agomelatine and vilazodone,Major Depressive Disorder,agomelatine + vilazodone,10.5281/zenodo.20609271,https://doi.org/10.5281/zenodo.20609271,https://zenodo.org/records/20609271,https://github.com/danbroz/Med-discovery-public/tree/main/major_depressive_disorder,True,DOI-indexed Zenodo preprint,US provisional patent pending
2,schizophrenia,MHMDCNS-002,"64/090,717",Application Undergoing Preexam Processing,234900,Pharmaceutical compositions and methods of treating Schizophrenia with a combination of pimavanserin and perospirone,Schizophrenia,pimavanserin + perospirone,10.5281/zenodo.20609275,https://doi.org/10.5281/zenodo.20609275,https://zenodo.org/records/20609275,https://github.com/danbroz/Med-discovery-public/tree/main/schizophrenia,True,DOI-indexed Zenodo preprint,US provisional patent pending
3,insomnia_disorder,MHMDCNS-003,"64/090,721",Application Undergoing Preexam Processing,234900,Pharmaceutical compositions and methods of treating Insomnia Disorder with a combination of suvorexant and agomelatine,Insomnia Disorder,suvorexant + agomelatine,10.5281/zenodo.20609277,https://doi.org/10.5281/zenodo.20609277,https://zenodo.org/records/20609277,https://github.com/danbroz/Med-discovery-public/tree/main/insomnia_disorder,True,DOI-indexed Zenodo preprint,US provisional patent pending
4,bipolar_i_disorder,MHMDCNS-004,"64/090,727",Application Undergoing Preexam Processing,234900,Pharmaceutical compositions and methods of treating Bipolar I Disorder with a combination of agomelatine and perospirone,Bipolar I Disorder,agomelatine + perospirone,10.5281/zenodo.20609280,https://doi.org/10.5281/zenodo.20609280,https://zenodo.org/records/20609280,https://github.com/danbroz/Med-discovery-public/tree/main/bipolar_i_disorder,True,DOI-indexed Zenodo preprint,US provisional patent pending
5,alzheimer_s_disease_ncd,MHMDCNS-005,"64/090,728",Application Undergoing Preexam Processing,234900,Pharmaceutical compositions and methods of treating Alzheimer's Disease Neurocognitive Disorder with a combination of pitolisant and xanomeline,Alzheimer's Disease Neurocognitive Disorder,pitolisant + xanomeline,10.5281/zenodo.20609283,https://doi.org/10.5281/zenodo.20609283,https://zenodo.org/records/20609283,https://github.com/danbroz/Med-discovery-public/tree/main/alzheimer_s_disease_ncd,True,DOI-indexed Zenodo preprint,US provisional patent pending
6,generalized_anxiety_disorder,MHMDCNS-006,"64/090,731",Application Undergoing Preexam Processing,234900,Pharmaceutical compositions and methods of treating Generalized Anxiety Disorder with a combination of agomelatine and vilazodone,Generalized Anxiety Disorder,agomelatine + vilazodone,10.5281/zenodo.20609285,https://doi.org/10.5281/zenodo.20609285,https://zenodo.org/records/20609285,https://github.com/danbroz/Med-discovery-public/tree/main/generalized_anxiety_disorder,True,DOI-indexed Zenodo preprint,US provisional patent pending
7,erectile_disorder,MHMDCNS-007,"64/090,733",Application Undergoing Preexam Processing,234900,Pharmaceutical compositions and methods of treating Erectile Disorder with a combination of mianserin and testosterone propionate,Erectile Disorder,mianserin + testosterone propionate,10.5281/zenodo.20609289,https://doi.org/10.5281/zenodo.20609289,https://zenodo.org/records/20609289,https://github.com/danbroz/Med-discovery-public/tree/main/erectile_disorder,True,DOI-indexed Zenodo preprint,US provisional patent pending
8,bipolar_ii_disorder,MHMDCNS-008,"64/090,736",Application Undergoing Preexam Processing,234900,Pharmaceutical compositions and methods of treating Bipolar II Disorder with a combination of agomelatine and perospirone,Bipolar II Disorder,agomelatine + perospirone,10.5281/zenodo.20609293,https://doi.org/10.5281/zenodo.20609293,https://zenodo.org/records/20609293,https://github.com/danbroz/Med-discovery-public/tree/main/bipolar_ii_disorder,True,DOI-indexed Zenodo preprint,US provisional patent pending
9,major_neurocognitive_disorder,MHMDCNS-009,"64/090,746",Application Undergoing Preexam Processing,234900,Pharmaceutical compositions and methods of treating Major Neurocognitive Disorder with a combination of pitolisant and xanomeline,Major Neurocognitive Disorder,pitolisant + xanomeline,10.5281/zenodo.20609295,https://doi.org/10.5281/zenodo.20609295,https://zenodo.org/records/20609295,https://github.com/danbroz/Med-discovery-public/tree/main/major_neurocognitive_disorder,True,DOI-indexed Zenodo preprint,US provisional patent pending
10,parkinson_s_disease_ncd,MHMDCNS-010,"64/090,749",Application Undergoing Preexam Processing,234900,Pharmaceutical compositions and methods of treating Parkinson's Disease Neurocognitive Disorder with a combination of pitolisant and xanomeline,Parkinson's Disease Neurocognitive Disorder,pitolisant + xanomeline,10.5281/zenodo.20609297,https://doi.org/10.5281/zenodo.20609297,https://zenodo.org/records/20609297,https://github.com/danbroz/Med-discovery-public/tree/main/parkinson_s_disease_ncd,True,DOI-indexed Zenodo preprint,US provisional patent pending
11,posttraumatic_stress_disorder,MHMDCNS-011,"64/090,751",Application Undergoing Preexam Processing,234900,Pharmaceutical compositions and methods of treating Posttraumatic Stress Disorder with a combination of crinecerfont and silodosin,Posttraumatic Stress Disorder,crinecerfont + silodosin,10.5281/zenodo.20609299,https://doi.org/10.5281/zenodo.20609299,https://zenodo.org/records/20609299,https://github.com/danbroz/Med-discovery-public/tree/main/posttraumatic_stress_disorder,True,DOI-indexed Zenodo preprint,US provisional patent pending
12,autism_spectrum_disorder,MHMDCNS-012,"64/076,299",Patent Center receipt confirmed,,Pharmaceutical compositions and methods of treating Autism Spectrum Disorder with a combination of oxytocin and pitolisant,Autism Spectrum Disorder,oxytocin + pitolisant,10.5281/zenodo.20609301,https://doi.org/10.5281/zenodo.20609301,https://zenodo.org/records/20609301,https://github.com/danbroz/Med-discovery-public/tree/main/autism_spectrum_disorder,True,DOI-indexed Zenodo preprint,US provisional patent pending
13,narcolepsy,MHMDCNS-013,"64/076,301",Patent Center receipt confirmed,,Pharmaceutical compositions and methods of treating Narcolepsy with a combination of pitolisant and Nag 26,Narcolepsy,pitolisant + Nag 26,10.5281/zenodo.20609305,https://doi.org/10.5281/zenodo.20609305,https://zenodo.org/records/20609305,https://github.com/danbroz/Med-discovery-public/tree/main/narcolepsy,True,DOI-indexed Zenodo preprint,US provisional patent pending
14,obsessive_compulsive_disorder,MHMDCNS-014,"64/076,302",Patent Center receipt confirmed,,Pharmaceutical compositions and methods of treating Obsessive Compulsive Disorder with a combination of pimavanserin and vilazodone,Obsessive Compulsive Disorder,pimavanserin + vilazodone,10.5281/zenodo.20609307,https://doi.org/10.5281/zenodo.20609307,https://zenodo.org/records/20609307,https://github.com/danbroz/Med-discovery-public/tree/main/obsessive_compulsive_disorder,True,DOI-indexed Zenodo preprint,US provisional patent pending
15,persistent_depressive_disorder,MHMDCNS-015,"64/076,304",Patent Center receipt confirmed,,Pharmaceutical compositions and methods of treating Persistent Depressive Disorder with a combination of agomelatine and vilazodone,Persistent Depressive Disorder,agomelatine + vilazodone,10.5281/zenodo.20609309,https://doi.org/10.5281/zenodo.20609309,https://zenodo.org/records/20609309,https://github.com/danbroz/Med-discovery-public/tree/main/persistent_depressive_disorder,True,DOI-indexed Zenodo preprint,US provisional patent pending
16,panic_disorder,MHMDCNS-016,"64/076,305",Patent Center receipt confirmed,,Pharmaceutical compositions and methods of treating Panic Disorder with a combination of vilazodone and betaxolol,Panic Disorder,vilazodone + betaxolol,10.5281/zenodo.20609311,https://doi.org/10.5281/zenodo.20609311,https://zenodo.org/records/20609311,https://github.com/danbroz/Med-discovery-public/tree/main/panic_disorder,True,DOI-indexed Zenodo preprint,US provisional patent pending
17,social_anxiety_disorder,MHMDCNS-017,"64/076,307",Patent Center receipt confirmed,,Pharmaceutical compositions and methods of treating Social Anxiety Disorder with a combination of vilazodone and agomelatine,Social Anxiety Disorder,vilazodone + agomelatine,10.5281/zenodo.20609313,https://doi.org/10.5281/zenodo.20609313,https://zenodo.org/records/20609313,https://github.com/danbroz/Med-discovery-public/tree/main/social_anxiety_disorder,True,DOI-indexed Zenodo preprint,US provisional patent pending
18,binge_eating_disorder,MHMDCNS-018,"64/076,308",Patent Center receipt confirmed,,Pharmaceutical compositions and methods of treating Binge Eating Disorder with a combination of setmelanotide and vilazodone,Binge Eating Disorder,setmelanotide + vilazodone,10.5281/zenodo.20609315,https://doi.org/10.5281/zenodo.20609315,https://zenodo.org/records/20609315,https://github.com/danbroz/Med-discovery-public/tree/main/binge_eating_disorder,True,DOI-indexed Zenodo preprint,US provisional patent pending
19,restless_legs_syndrome,MHMDCNS-019,"64/076,309",Patent Center receipt confirmed,,Pharmaceutical compositions and methods of treating Restless Legs Syndrome with a combination of suvorexant and agomelatine,Restless Legs Syndrome,suvorexant + agomelatine,10.5281/zenodo.20609317,https://doi.org/10.5281/zenodo.20609317,https://zenodo.org/records/20609317,https://github.com/danbroz/Med-discovery-public/tree/main/restless_legs_syndrome,True,DOI-indexed Zenodo preprint,US provisional patent pending
20,obstructive_sleep_apnea_hypopnea,MHMDCNS-020,"64/076,310",Patent Center receipt confirmed,,Pharmaceutical compositions and methods of treating Obstructive Sleep Apnea Hypopnea with a combination of suvorexant and agomelatine,Obstructive Sleep Apnea Hypopnea,suvorexant + agomelatine,10.5281/zenodo.20609319,https://doi.org/10.5281/zenodo.20609319,https://zenodo.org/records/20609319,https://github.com/danbroz/Med-discovery-public/tree/main/obstructive_sleep_apnea_hypopnea,True,DOI-indexed Zenodo preprint,US provisional patent pending
21,vascular_neurocognitive_disorder,MHMDCNS-021,"64/076,311",Patent Center receipt confirmed,,Pharmaceutical compositions and methods of treating Vascular Neurocognitive Disorder with a combination of pitolisant and xanomeline,Vascular Neurocognitive Disorder,pitolisant + xanomeline,10.5281/zenodo.20609321,https://doi.org/10.5281/zenodo.20609321,https://zenodo.org/records/20609321,https://github.com/danbroz/Med-discovery-public/tree/main/vascular_neurocognitive_disorder,True,DOI-indexed Zenodo preprint,US provisional patent pending
22,lewy_body_disease,MHMDCNS-022,"64/076,313",Patent Center receipt confirmed,,Pharmaceutical compositions and methods of treating Lewy Body Disease with a combination of pitolisant and xanomeline,Lewy Body Disease,pitolisant + xanomeline,10.5281/zenodo.20609323,https://doi.org/10.5281/zenodo.20609323,https://zenodo.org/records/20609323,https://github.com/danbroz/Med-discovery-public/tree/main/lewy_body_disease,True,DOI-indexed Zenodo preprint,US provisional patent pending
23,schizoaffective_disorder,MHMDCNS-023,"64/076,315",Patent Center receipt confirmed,,Pharmaceutical compositions and methods of treating Schizoaffective Disorder with a combination of xanomeline and perospirone,Schizoaffective Disorder,xanomeline + perospirone,10.5281/zenodo.20609325,https://doi.org/10.5281/zenodo.20609325,https://zenodo.org/records/20609325,https://github.com/danbroz/Med-discovery-public/tree/main/schizoaffective_disorder,True,DOI-indexed Zenodo preprint,US provisional patent pending
24,premenstrual_dysphoric_disorder,MHMDCNS-024,"64/076,319",Patent Center receipt confirmed,,Pharmaceutical compositions and methods of treating Premenstrual Dysphoric Disorder with a combination of agomelatine and vilazodone,Premenstrual Dysphoric Disorder,agomelatine + vilazodone,10.5281/zenodo.20609327,https://doi.org/10.5281/zenodo.20609327,https://zenodo.org/records/20609327,https://github.com/danbroz/Med-discovery-public/tree/main/premenstrual_dysphoric_disorder,True,DOI-indexed Zenodo preprint,US provisional patent pending
25,adjustment_disorder,MHMDCNS-025,"64/076,320",Patent Center receipt confirmed,,Pharmaceutical compositions and methods of treating Adjustment Disorder with a combination of agomelatine and vilazodone,Adjustment Disorder,agomelatine + vilazodone,10.5281/zenodo.20609329,https://doi.org/10.5281/zenodo.20609329,https://zenodo.org/records/20609329,https://github.com/danbroz/Med-discovery-public/tree/main/adjustment_disorder,True,DOI-indexed Zenodo preprint,US provisional patent pending
26,opioid_withdrawal,MHMDCNS-026,"64/076,322",Patent Center receipt confirmed,,Pharmaceutical compositions and methods of treating Opioid Withdrawal with a combination of sufentanil and oxymetazoline,Opioid Withdrawal,sufentanil + oxymetazoline,10.5281/zenodo.20609331,https://doi.org/10.5281/zenodo.20609331,https://zenodo.org/records/20609331,https://github.com/danbroz/Med-discovery-public/tree/main/opioid_withdrawal,True,DOI-indexed Zenodo preprint,US provisional patent pending
27,hypersomnolence_disorder,MHMDCNS-027,"64/076,326",Patent Center receipt confirmed,,Pharmaceutical compositions and methods of treating Hypersomnolence Disorder with a combination of pitolisant and Nag 26,Hypersomnolence Disorder,pitolisant + Nag 26,10.5281/zenodo.20609333,https://doi.org/10.5281/zenodo.20609333,https://zenodo.org/records/20609333,https://github.com/danbroz/Med-discovery-public/tree/main/hypersomnolence_disorder,True,DOI-indexed Zenodo preprint,US provisional patent pending
28,borderline_personality_disorder,MHMDCNS-028,"64/076,327",Patent Center receipt confirmed,,Pharmaceutical compositions and methods of treating Borderline Personality Disorder with a combination of pimavanserin and perospirone,Borderline Personality Disorder,pimavanserin + perospirone,10.5281/zenodo.20609335,https://doi.org/10.5281/zenodo.20609335,https://zenodo.org/records/20609335,https://github.com/danbroz/Med-discovery-public/tree/main/borderline_personality_disorder,True,DOI-indexed Zenodo preprint,US provisional patent pending
29,disruptive_mood_dysregulation_disorder,MHMDCNS-029,"64/076,329",Patent Center receipt confirmed,,Pharmaceutical compositions and methods of treating Disruptive Mood Dysregulation Disorder with a combination of agomelatine and suvorexant,Disruptive Mood Dysregulation Disorder,agomelatine + suvorexant,10.5281/zenodo.20609337,https://doi.org/10.5281/zenodo.20609337,https://zenodo.org/records/20609337,https://github.com/danbroz/Med-discovery-public/tree/main/disruptive_mood_dysregulation_disorder,True,DOI-indexed Zenodo preprint,US provisional patent pending
30,specific_phobia,MHMDCNS-030,"64/076,332",Patent Center receipt confirmed,,Pharmaceutical compositions and methods of treating Specific Phobia with a combination of agomelatine and vilazodone,Specific Phobia,agomelatine + vilazodone,10.5281/zenodo.20609341,https://doi.org/10.5281/zenodo.20609341,https://zenodo.org/records/20609341,https://github.com/danbroz/Med-discovery-public/tree/main/specific_phobia,True,DOI-indexed Zenodo preprint,US provisional patent pending
31,frontotemporal_neurocognitive_disorder,MHMDCNS-031,"64/076,333",Patent Center receipt confirmed,,Pharmaceutical compositions and methods of treating Frontotemporal Neurocognitive Disorder with a combination of pitolisant and xanomeline,Frontotemporal Neurocognitive Disorder,pitolisant + xanomeline,10.5281/zenodo.20609343,https://doi.org/10.5281/zenodo.20609343,https://zenodo.org/records/20609343,https://github.com/danbroz/Med-discovery-public/tree/main/frontotemporal_neurocognitive_disorder,True,DOI-indexed Zenodo preprint,US provisional patent pending
32,mild_neurocognitive_disorder,MHMDCNS-032,"64/076,334",Patent Center receipt confirmed,,Pharmaceutical compositions and methods of treating Mild Neurocognitive Disorder with a combination of pitolisant and xanomeline,Mild Neurocognitive Disorder,pitolisant + xanomeline,10.5281/zenodo.20609345,https://doi.org/10.5281/zenodo.20609345,https://zenodo.org/records/20609345,https://github.com/danbroz/Med-discovery-public/tree/main/mild_neurocognitive_disorder,True,DOI-indexed Zenodo preprint,US provisional patent pending
33,delirium,MHMDCNS-033,"64/076,337",Patent Center receipt confirmed,,Pharmaceutical compositions and methods of treating Delirium with a combination of pitolisant and xanomeline,Delirium,pitolisant + xanomeline,10.5281/zenodo.20609349,https://doi.org/10.5281/zenodo.20609349,https://zenodo.org/records/20609349,https://github.com/danbroz/Med-discovery-public/tree/main/delirium,True,DOI-indexed Zenodo preprint,US provisional patent pending
34,bulimia_nervosa,MHMDCNS-034,"64/076,338",Patent Center receipt confirmed,,Pharmaceutical compositions and methods of treating Bulimia Nervosa with a combination of vilazodone and crinecerfont,Bulimia Nervosa,vilazodone + crinecerfont,10.5281/zenodo.20609351,https://doi.org/10.5281/zenodo.20609351,https://zenodo.org/records/20609351,https://github.com/danbroz/Med-discovery-public/tree/main/bulimia_nervosa,True,DOI-indexed Zenodo preprint,US provisional patent pending
35,schizophreniform_disorder,MHMDCNS-035,"64/076,339",Patent Center receipt confirmed,,Pharmaceutical compositions and methods of treating Schizophreniform Disorder with a combination of xanomeline and perospirone,Schizophreniform Disorder,xanomeline + perospirone,10.5281/zenodo.20609355,https://doi.org/10.5281/zenodo.20609355,https://zenodo.org/records/20609355,https://github.com/danbroz/Med-discovery-public/tree/main/schizophreniform_disorder,True,DOI-indexed Zenodo preprint,US provisional patent pending
36,premature_ejaculation,MHMDCNS-036,"64/076,341",Patent Center receipt confirmed,,Pharmaceutical compositions and methods of treating Premature Ejaculation with a combination of mianserin and sufentanil,Premature Ejaculation,mianserin + sufentanil,10.5281/zenodo.20609357,https://doi.org/10.5281/zenodo.20609357,https://zenodo.org/records/20609357,https://github.com/danbroz/Med-discovery-public/tree/main/premature_ejaculation,True,DOI-indexed Zenodo preprint,US provisional patent pending
37,circadian_rhythm_sleep_wake_disorder,MHMDCNS-037,"64/076,941",Patent Center receipt confirmed,,Pharmaceutical compositions and methods of treating Circadian Rhythm Sleep Wake Disorder with a combination of agomelatine and suvorexant,Circadian Rhythm Sleep Wake Disorder,agomelatine + suvorexant,10.5281/zenodo.20609359,https://doi.org/10.5281/zenodo.20609359,https://zenodo.org/records/20609359,https://github.com/danbroz/Med-discovery-public/tree/main/circadian_rhythm_sleep_wake_disorder,True,DOI-indexed Zenodo preprint,US provisional patent pending
38,conduct_disorder,MHMDCNS-038,"64/076,969",Patent Center receipt confirmed,,Pharmaceutical compositions and methods of treating Conduct Disorder with a combination of perospirone and oxymetazoline,Conduct Disorder,perospirone + oxymetazoline,10.5281/zenodo.20609361,https://doi.org/10.5281/zenodo.20609361,https://zenodo.org/records/20609361,https://github.com/danbroz/Med-discovery-public/tree/main/conduct_disorder,True,DOI-indexed Zenodo preprint,US provisional patent pending
39,oppositional_defiant_disorder,MHMDCNS-039,"64/076,974",Patent Center receipt confirmed,,Pharmaceutical compositions and methods of treating Oppositional Defiant Disorder with a combination of perospirone and oxymetazoline,Oppositional Defiant Disorder,perospirone + oxymetazoline,10.5281/zenodo.20609363,https://doi.org/10.5281/zenodo.20609363,https://zenodo.org/records/20609363,https://github.com/danbroz/Med-discovery-public/tree/main/oppositional_defiant_disorder,True,DOI-indexed Zenodo preprint,US provisional patent pending
40,multiple_etiologies_neurocognitive_disorder,MHMDCNS-040,"64/076,977",Patent Center receipt confirmed,,Pharmaceutical compositions and methods of treating Multiple Etiologies Neurocognitive Disorder with a combination of pitolisant and xanomeline,Multiple Etiologies Neurocognitive Disorder,pitolisant + xanomeline,10.5281/zenodo.20609365,https://doi.org/10.5281/zenodo.20609365,https://zenodo.org/records/20609365,https://github.com/danbroz/Med-discovery-public/tree/main/multiple_etiologies_neurocognitive_disorder,True,DOI-indexed Zenodo preprint,US provisional patent pending
41,traumatic_brain_injury_neurocognitive_disorder,MHMDCNS-041,"64/076,981",Patent Center receipt confirmed,,Pharmaceutical compositions and methods of treating Traumatic Brain Injury Neurocognitive Disorder with a combination of pitolisant and xanomeline,Traumatic Brain Injury Neurocognitive Disorder,pitolisant + xanomeline,10.5281/zenodo.20609369,https://doi.org/10.5281/zenodo.20609369,https://zenodo.org/records/20609369,https://github.com/danbroz/Med-discovery-public/tree/main/traumatic_brain_injury_neurocognitive_disorder,True,DOI-indexed Zenodo preprint,US provisional patent pending
42,alcohol_withdrawal,MHMDCNS-042,"64/076,989",Patent Center receipt confirmed,,Pharmaceutical compositions and methods of treating Alcohol Withdrawal with a combination of delta-9-tetrahydrocannabinol and betaxolol,Alcohol Withdrawal,delta-9-tetrahydrocannabinol + betaxolol,10.5281/zenodo.20609371,https://doi.org/10.5281/zenodo.20609371,https://zenodo.org/records/20609371,https://github.com/danbroz/Med-discovery-public/tree/main/alcohol_withdrawal,True,DOI-indexed Zenodo preprint,US provisional patent pending
43,separation_anxiety_disorder,MHMDCNS-043,"64/076,997",Patent Center receipt confirmed,,Pharmaceutical compositions and methods of treating Separation Anxiety Disorder with a combination of agomelatine and vilazodone,Separation Anxiety Disorder,agomelatine + vilazodone,10.5281/zenodo.20609375,https://doi.org/10.5281/zenodo.20609375,https://zenodo.org/records/20609375,https://github.com/danbroz/Med-discovery-public/tree/main/separation_anxiety_disorder,True,DOI-indexed Zenodo preprint,US provisional patent pending
44,anorexia_nervosa,MHMDCNS-044,"64/077,002",Patent Center receipt confirmed,,Pharmaceutical compositions and methods of treating Anorexia Nervosa with a combination of mianserin and delta-9-tetrahydrocannabinol,Anorexia Nervosa,mianserin + delta-9-tetrahydrocannabinol,10.5281/zenodo.20609377,https://doi.org/10.5281/zenodo.20609377,https://zenodo.org/records/20609377,https://github.com/danbroz/Med-discovery-public/tree/main/anorexia_nervosa,True,DOI-indexed Zenodo preprint,US provisional patent pending
45,acute_stress_disorder,MHMDCNS-045,"64/077,016",Patent Center receipt confirmed,,Pharmaceutical compositions and methods of treating Acute Stress Disorder with a combination of pimavanserin and agomelatine,Acute Stress Disorder,pimavanserin + agomelatine,10.5281/zenodo.20609379,https://doi.org/10.5281/zenodo.20609379,https://zenodo.org/records/20609379,https://github.com/danbroz/Med-discovery-public/tree/main/acute_stress_disorder,True,DOI-indexed Zenodo preprint,US provisional patent pending
46,agoraphobia,MHMDCNS-046,"64/077,023",Patent Center receipt confirmed,,Pharmaceutical compositions and methods of treating Agoraphobia with a combination of vilazodone and agomelatine,Agoraphobia,vilazodone + agomelatine,10.5281/zenodo.20609381,https://doi.org/10.5281/zenodo.20609381,https://zenodo.org/records/20609381,https://github.com/danbroz/Med-discovery-public/tree/main/agoraphobia,True,DOI-indexed Zenodo preprint,US provisional patent pending
47,cyclothymic_disorder,MHMDCNS-047,"64/077,037",Patent Center receipt confirmed,,Pharmaceutical compositions and methods of treating Cyclothymic Disorder with a combination of pimavanserin and perospirone,Cyclothymic Disorder,pimavanserin + perospirone,10.5281/zenodo.20609383,https://doi.org/10.5281/zenodo.20609383,https://zenodo.org/records/20609383,https://github.com/danbroz/Med-discovery-public/tree/main/cyclothymic_disorder,True,DOI-indexed Zenodo preprint,US provisional patent pending
48,delusional_disorder,MHMDCNS-048,"64/077,042",Patent Center receipt confirmed,,Pharmaceutical compositions and methods of treating Delusional Disorder with a combination of xanomeline and perospirone,Delusional Disorder,xanomeline + perospirone,10.5281/zenodo.20609385,https://doi.org/10.5281/zenodo.20609385,https://zenodo.org/records/20609385,https://github.com/danbroz/Med-discovery-public/tree/main/delusional_disorder,True,DOI-indexed Zenodo preprint,US provisional patent pending
49,central_sleep_apnea,MHMDCNS-049,"64/077,046",Patent Center receipt confirmed,,Pharmaceutical compositions and methods of treating Central Sleep Apnea with a combination of agomelatine and suvorexant,Central Sleep Apnea,agomelatine + suvorexant,10.5281/zenodo.20609387,https://doi.org/10.5281/zenodo.20609387,https://zenodo.org/records/20609387,https://github.com/danbroz/Med-discovery-public/tree/main/central_sleep_apnea,True,DOI-indexed Zenodo preprint,US provisional patent pending
50,male_hypoactive_sexual_desire_disorder,MHMDCNS-050,"64/077,051",Patent Center receipt confirmed,,Pharmaceutical compositions and methods of treating Male Hypoactive Sexual Desire Disorder with a combination of mianserin and sufentanil,Male Hypoactive Sexual Desire Disorder,mianserin + sufentanil,10.5281/zenodo.20609389,https://doi.org/10.5281/zenodo.20609389,https://zenodo.org/records/20609389,https://github.com/danbroz/Med-discovery-public/tree/main/male_hypoactive_sexual_desire_disorder,True,DOI-indexed Zenodo preprint,US provisional patent pending
51,intermittent_explosive_disorder,MHMDCNS-051,"64/077,085",Patent Center receipt confirmed,,Pharmaceutical compositions and methods of treating Intermittent Explosive Disorder with a combination of perospirone and oxymetazoline,Intermittent Explosive Disorder,perospirone + oxymetazoline,10.5281/zenodo.20708188,https://doi.org/10.5281/zenodo.20708188,https://zenodo.org/records/20708188,https://github.com/danbroz/Med-discovery-public/tree/main/intermittent_explosive_disorder,True,DOI-indexed Zenodo preprint,US provisional patent pending
52,body_dysmorphic_disorder,MHMDCNS-052,"64/090,754",Application Undergoing Preexam Processing,234900,Pharmaceutical compositions and methods of treating Body Dysmorphic Disorder with a combination of pimavanserin and vilazodone,Body Dysmorphic Disorder,pimavanserin + vilazodone,10.5281/zenodo.20708190,https://doi.org/10.5281/zenodo.20708190,https://zenodo.org/records/20708190,https://github.com/danbroz/Med-discovery-public/tree/main/body_dysmorphic_disorder,True,DOI-indexed Zenodo preprint,US provisional patent pending
53,hoarding_disorder,MHMDCNS-053,"64/090,757",Application Undergoing Preexam Processing,234900,Pharmaceutical compositions and methods of treating Hoarding Disorder with a combination of vilazodone and pimavanserin,Hoarding Disorder,vilazodone + pimavanserin,10.5281/zenodo.20708192,https://doi.org/10.5281/zenodo.20708192,https://zenodo.org/records/20708192,https://github.com/danbroz/Med-discovery-public/tree/main/hoarding_disorder,True,DOI-indexed Zenodo preprint,US provisional patent pending
54,excoriation_skin_picking_disorder,MHMDCNS-054,"64/090,760",Application Undergoing Preexam Processing,234900,Pharmaceutical compositions and methods of treating Excoriation (Skin Picking) Disorder with a combination of vilazodone and pimavanserin,Excoriation (Skin Picking) Disorder,vilazodone + pimavanserin,10.5281/zenodo.20708194,https://doi.org/10.5281/zenodo.20708194,https://zenodo.org/records/20708194,https://github.com/danbroz/Med-discovery-public/tree/main/excoriation_skin_picking_disorder,True,DOI-indexed Zenodo preprint,US provisional patent pending
55,brief_psychotic_disorder,MHMDCNS-055,"64/090,761",Application Undergoing Preexam Processing,234900,Pharmaceutical compositions and methods of treating Brief Psychotic Disorder with a combination of xanomeline and perospirone,Brief Psychotic Disorder,xanomeline + perospirone,10.5281/zenodo.20708196,https://doi.org/10.5281/zenodo.20708196,https://zenodo.org/records/20708196,https://github.com/danbroz/Med-discovery-public/tree/main/brief_psychotic_disorder,True,DOI-indexed Zenodo preprint,US provisional patent pending
56,prolonged_grief_disorder,MHMDCNS-056,"64/090,767",Application Undergoing Preexam Processing,234900,Pharmaceutical compositions and methods of treating Prolonged Grief Disorder with a combination of agomelatine and vilazodone,Prolonged Grief Disorder,agomelatine + vilazodone,10.5281/zenodo.20708198,https://doi.org/10.5281/zenodo.20708198,https://zenodo.org/records/20708198,https://github.com/danbroz/Med-discovery-public/tree/main/prolonged_grief_disorder,True,DOI-indexed Zenodo preprint,US provisional patent pending
57,illness_anxiety_disorder,MHMDCNS-057,"64/090,770",Application Undergoing Preexam Processing,234900,Pharmaceutical compositions and methods of treating Illness Anxiety Disorder with a combination of agomelatine and vilazodone,Illness Anxiety Disorder,agomelatine + vilazodone,10.5281/zenodo.20708200,https://doi.org/10.5281/zenodo.20708200,https://zenodo.org/records/20708200,https://github.com/danbroz/Med-discovery-public/tree/main/illness_anxiety_disorder,True,DOI-indexed Zenodo preprint,US provisional patent pending
58,somatic_symptom_disorder,MHMDCNS-058,"64/090,773",Application Undergoing Preexam Processing,234900,Pharmaceutical compositions and methods of treating Somatic Symptom Disorder with a combination of vilazodone and betaxolol,Somatic Symptom Disorder,vilazodone + betaxolol,10.5281/zenodo.20708202,https://doi.org/10.5281/zenodo.20708202,https://zenodo.org/records/20708202,https://github.com/danbroz/Med-discovery-public/tree/main/somatic_symptom_disorder,True,DOI-indexed Zenodo preprint,US provisional patent pending
59,functional_neurological_symptom_disorder,MHMDCNS-059,"64/090,780",Application Undergoing Preexam Processing,234900,Pharmaceutical compositions and methods of treating Functional Neurological Symptom Disorder with a combination of vilazodone and betaxolol,Functional Neurological Symptom Disorder,vilazodone + betaxolol,10.5281/zenodo.20708204,https://doi.org/10.5281/zenodo.20708204,https://zenodo.org/records/20708204,https://github.com/danbroz/Med-discovery-public/tree/main/functional_neurological_symptom_disorder,True,DOI-indexed Zenodo preprint,US provisional patent pending
60,female_orgasmic_disorder,MHMDCNS-060,"64/090,786",Application Undergoing Preexam Processing,234900,Pharmaceutical compositions and methods of treating Female Orgasmic Disorder with a combination of sufentanil and mianserin,Female Orgasmic Disorder,sufentanil + mianserin,10.5281/zenodo.20708206,https://doi.org/10.5281/zenodo.20708206,https://zenodo.org/records/20708206,https://github.com/danbroz/Med-discovery-public/tree/main/female_orgasmic_disorder,True,DOI-indexed Zenodo preprint,US provisional patent pending
61,rem_sleep_behavior_disorder,MHMDCNS-061,"64/090,791",Application Undergoing Preexam Processing,234900,Pharmaceutical compositions and methods of treating REM Sleep Behavior Disorder with a combination of suvorexant and agomelatine,REM Sleep Behavior Disorder,suvorexant + agomelatine,10.5281/zenodo.20708208,https://doi.org/10.5281/zenodo.20708208,https://zenodo.org/records/20708208,https://github.com/danbroz/Med-discovery-public/tree/main/rem_sleep_behavior_disorder,True,DOI-indexed Zenodo preprint,US provisional patent pending
62,nightmare_disorder,MHMDCNS-062,"64/090,795",Application Undergoing Preexam Processing,234900,Pharmaceutical compositions and methods of treating Nightmare Disorder with a combination of suvorexant and agomelatine,Nightmare Disorder,suvorexant + agomelatine,10.5281/zenodo.20708210,https://doi.org/10.5281/zenodo.20708210,https://zenodo.org/records/20708210,https://github.com/danbroz/Med-discovery-public/tree/main/nightmare_disorder,True,DOI-indexed Zenodo preprint,US provisional patent pending
63,non_rem_sleep_arousal_disorders,MHMDCNS-063,"64/090,797",Application Undergoing Preexam Processing,234900,Pharmaceutical compositions and methods of treating Non-REM Sleep Arousal Disorders with a combination of suvorexant and agomelatine,Non-REM Sleep Arousal Disorders,suvorexant + agomelatine,10.5281/zenodo.20708212,https://doi.org/10.5281/zenodo.20708212,https://zenodo.org/records/20708212,https://github.com/danbroz/Med-discovery-public/tree/main/non_rem_sleep_arousal_disorders,True,DOI-indexed Zenodo preprint,US provisional patent pending
64,sleep_related_hypoventilation,MHMDCNS-064,"64/090,809",Application Undergoing Preexam Processing,234900,Pharmaceutical compositions and methods of treating Sleep Related Hypoventilation with a combination of suvorexant and agomelatine,Sleep Related Hypoventilation,suvorexant + agomelatine,10.5281/zenodo.20708214,https://doi.org/10.5281/zenodo.20708214,https://zenodo.org/records/20708214,https://github.com/danbroz/Med-discovery-public/tree/main/sleep_related_hypoventilation,True,DOI-indexed Zenodo preprint,US provisional patent pending
65,compulsive_and_related_disorder_umbrella,MHMDCNS-065,"64/090,814",Application Undergoing Preexam Processing,234900,Pharmaceutical compositions and methods of treating compulsive and related disorders with a combination of pimavanserin and vilazodone,Compulsive and Related Disorder (umbrella),vilazodone + pimavanserin,10.5281/zenodo.20708216,https://doi.org/10.5281/zenodo.20708216,https://zenodo.org/records/20708216,https://github.com/danbroz/Med-discovery-public/tree/main/compulsive_and_related_disorder_umbrella,True,DOI-indexed Zenodo preprint,US provisional patent pending
66,psychological_factors_affecting_other_medical_conditions,MHMDCNS-066,"64/090,818",Application Undergoing Preexam Processing,234900,Pharmaceutical compositions and methods of treating Psychological Factors Affecting Other Medical Conditions with a combination of vilazodone and betaxolol,Psychological Factors Affecting Other Medical Conditions,vilazodone + betaxolol,10.5281/zenodo.20708218,https://doi.org/10.5281/zenodo.20708218,https://zenodo.org/records/20708218,https://github.com/danbroz/Med-discovery-public/tree/main/psychological_factors_affecting_other_medical_conditions,True,DOI-indexed Zenodo preprint,US provisional patent pending
67,antisocial_personality_disorder,MHMDCNS-067,"64/090,819",Application Undergoing Preexam Processing,234900,Pharmaceutical compositions and methods of treating Antisocial Personality Disorder with a combination of pimavanserin and perospirone,Antisocial Personality Disorder,pimavanserin + perospirone,10.5281/zenodo.20708220,https://doi.org/10.5281/zenodo.20708220,https://zenodo.org/records/20708220,https://github.com/danbroz/Med-discovery-public/tree/main/antisocial_personality_disorder,True,DOI-indexed Zenodo preprint,US provisional patent pending
68,avoidant_personality_disorder,MHMDCNS-068,"64/090,822",Application Undergoing Preexam Processing,234900,Pharmaceutical compositions and methods of treating Avoidant Personality Disorder with a combination of pimavanserin and perospirone,Avoidant Personality Disorder,pimavanserin + perospirone,10.5281/zenodo.20708222,https://doi.org/10.5281/zenodo.20708222,https://zenodo.org/records/20708222,https://github.com/danbroz/Med-discovery-public/tree/main/avoidant_personality_disorder,True,DOI-indexed Zenodo preprint,US provisional patent pending
69,trichotillomania,MHMDCNS-069,"64/090,825",Application Undergoing Preexam Processing,234900,Pharmaceutical compositions and methods of treating Trichotillomania with a combination of pimavanserin and perospirone,Trichotillomania,pimavanserin + perospirone,10.5281/zenodo.20708224,https://doi.org/10.5281/zenodo.20708224,https://zenodo.org/records/20708224,https://github.com/danbroz/Med-discovery-public/tree/main/trichotillomania,True,DOI-indexed Zenodo preprint,US provisional patent pending
70,catatonic_disorder_due_to_another_medical_condition,MHMDCNS-070,"64/090,830",Application Undergoing Preexam Processing,234900,Pharmaceutical compositions and methods of treating Catatonic Disorder Due to Another Medical Condition with a combination of xanomeline and perospirone,Catatonic Disorder Due to Another Medical Condition,xanomeline + perospirone,10.5281/zenodo.20708226,https://doi.org/10.5281/zenodo.20708226,https://zenodo.org/records/20708226,https://github.com/danbroz/Med-discovery-public/tree/main/catatonic_disorder_due_to_another_medical_condition,True,DOI-indexed Zenodo preprint,US provisional patent pending
71,bipolar_and_related_disorder_due_to_another_medical_condition,MHMDCNS-071,"64/090,835",Application Undergoing Preexam Processing,234900,Pharmaceutical compositions and methods of treating Bipolar and Related Disorder Due to Another Medical Condition with a combination of perospirone and pimavanserin,Bipolar and Related Disorder Due to Another Medical Condition,perospirone + pimavanserin,10.5281/zenodo.20708228,https://doi.org/10.5281/zenodo.20708228,https://zenodo.org/records/20708228,https://github.com/danbroz/Med-discovery-public/tree/main/bipolar_and_related_disorder_due_to_another_medical_condition,True,DOI-indexed Zenodo preprint,US provisional patent pending
72,psychotic_disorder_due_to_another_medical_condition,MHMDCNS-072,"64/091,117",Application Undergoing Preexam Processing,234900,Pharmaceutical compositions and methods of treating Psychotic Disorder Due to Another Medical Condition with a combination of perospirone and xanomeline,Psychotic Disorder Due to Another Medical Condition,perospirone + xanomeline,10.5281/zenodo.20708230,https://doi.org/10.5281/zenodo.20708230,https://zenodo.org/records/20708230,https://github.com/danbroz/Med-discovery-public/tree/main/psychotic_disorder_due_to_another_medical_condition,True,DOI-indexed Zenodo preprint,US provisional patent pending
73,schizoid_personality_disorder,MHMDCNS-073,"64/090,838",Application Undergoing Preexam Processing,234900,Pharmaceutical compositions and methods of treating Schizoid Personality Disorder with a combination of xanomeline and perospirone,Schizoid Personality Disorder,xanomeline + perospirone,10.5281/zenodo.20708232,https://doi.org/10.5281/zenodo.20708232,https://zenodo.org/records/20708232,https://github.com/danbroz/Med-discovery-public/tree/main/schizoid_personality_disorder,True,DOI-indexed Zenodo preprint,US provisional patent pending
74,schizotypal_personality_disorder,MHMDCNS-074,"64/090,843",Application Undergoing Preexam Processing,234900,Pharmaceutical compositions and methods of treating Schizotypal Personality Disorder with a combination of xanomeline and perospirone,Schizotypal Personality Disorder,xanomeline + perospirone,10.5281/zenodo.20708234,https://doi.org/10.5281/zenodo.20708234,https://zenodo.org/records/20708234,https://github.com/danbroz/Med-discovery-public/tree/main/schizotypal_personality_disorder,True,DOI-indexed Zenodo preprint,US provisional patent pending
75,cannabis_withdrawal,MHMDCNS-075,"64/090,849",Application Undergoing Preexam Processing,234900,Pharmaceutical compositions and methods of treating Cannabis Withdrawal with a combination of delta-9-tetrahydrocannabinol and betaxolol,Cannabis Withdrawal,Δ9-tetrahydrocannabinol + betaxolol,10.5281/zenodo.20708236,https://doi.org/10.5281/zenodo.20708236,https://zenodo.org/records/20708236,https://github.com/danbroz/Med-discovery-public/tree/main/cannabis_withdrawal,True,DOI-indexed Zenodo preprint,US provisional patent pending
76,anxiety_disorder_due_to_another_medical_condition,MHMDCNS-076,"64/090,853",Application Undergoing Preexam Processing,234900,Pharmaceutical compositions and methods of treating Anxiety Disorder Due to Another Medical Condition with a combination of agomelatine and vilazodone,Anxiety Disorder Due to Another Medical Condition,agomelatine + vilazodone,10.5281/zenodo.20708238,https://doi.org/10.5281/zenodo.20708238,https://zenodo.org/records/20708238,https://github.com/danbroz/Med-discovery-public/tree/main/anxiety_disorder_due_to_another_medical_condition,True,DOI-indexed Zenodo preprint,US provisional patent pending
77,dependent_personality_disorder,MHMDCNS-077,"64/090,856",Application Undergoing Preexam Processing,234900,Pharmaceutical compositions and methods of treating Dependent Personality Disorder with a combination of perospirone and pimavanserin,Dependent Personality Disorder,perospirone + pimavanserin,10.5281/zenodo.20708240,https://doi.org/10.5281/zenodo.20708240,https://zenodo.org/records/20708240,https://github.com/danbroz/Med-discovery-public/tree/main/dependent_personality_disorder,True,DOI-indexed Zenodo preprint,US provisional patent pending
78,histrionic_personality_disorder,MHMDCNS-078,"64/090,859",Application Undergoing Preexam Processing,234900,Pharmaceutical compositions and methods of treating Histrionic Personality Disorder with a combination of perospirone and pimavanserin,Histrionic Personality Disorder,perospirone + pimavanserin,10.5281/zenodo.20708242,https://doi.org/10.5281/zenodo.20708242,https://zenodo.org/records/20708242,https://github.com/danbroz/Med-discovery-public/tree/main/histrionic_personality_disorder,True,DOI-indexed Zenodo preprint,US provisional patent pending
79,narcissistic_personality_disorder,MHMDCNS-079,"64/090,862",Application Undergoing Preexam Processing,234900,Pharmaceutical compositions and methods of treating Narcissistic Personality Disorder with a combination of perospirone and pimavanserin,Narcissistic Personality Disorder,perospirone + pimavanserin,10.5281/zenodo.20708244,https://doi.org/10.5281/zenodo.20708244,https://zenodo.org/records/20708244,https://github.com/danbroz/Med-discovery-public/tree/main/narcissistic_personality_disorder,True,DOI-indexed Zenodo preprint,US provisional patent pending
80,paranoid_personality_disorder,MHMDCNS-080,"64/090,864",Application Undergoing Preexam Processing,234900,Pharmaceutical compositions and methods of treating Paranoid Personality Disorder with a combination of perospirone and pimavanserin,Paranoid Personality Disorder,perospirone + pimavanserin,10.5281/zenodo.20708246,https://doi.org/10.5281/zenodo.20708246,https://zenodo.org/records/20708246,https://github.com/danbroz/Med-discovery-public/tree/main/paranoid_personality_disorder,True,DOI-indexed Zenodo preprint,US provisional patent pending
81,stimulant_withdrawal,MHMDCNS-081,"64/090,868",Application Undergoing Preexam Processing,234900,Pharmaceutical compositions and methods of treating Stimulant Withdrawal with a combination of agomelatine and delta-9-tetrahydrocannabinol,Stimulant Withdrawal,agomelatine + Δ9-tetrahydrocannabinol,10.5281/zenodo.20708248,https://doi.org/10.5281/zenodo.20708248,https://zenodo.org/records/20708248,https://github.com/danbroz/Med-discovery-public/tree/main/stimulant_withdrawal,True,DOI-indexed Zenodo preprint,US provisional patent pending
82,depressive_disorder_due_to_another_medical_condition,MHMDCNS-082,"64/090,872",Application Undergoing Preexam Processing,234900,Pharmaceutical compositions and methods of treating Depressive Disorder Due to Another Medical Condition with a combination of agomelatine and vilazodone,Depressive Disorder Due to Another Medical Condition,agomelatine + vilazodone,10.5281/zenodo.20708250,https://doi.org/10.5281/zenodo.20708250,https://zenodo.org/records/20708250,https://github.com/danbroz/Med-discovery-public/tree/main/depressive_disorder_due_to_another_medical_condition,True,DOI-indexed Zenodo preprint,US provisional patent pending
83,personality_change_due_to_another_medical_condition,MHMDCNS-083,"64/090,875",Application Undergoing Preexam Processing,234900,Pharmaceutical compositions and methods of treating Personality Change Due to Another Medical Condition with a combination of perospirone and pimavanserin,Personality Change Due to Another Medical Condition,perospirone + pimavanserin,10.5281/zenodo.20708252,https://doi.org/10.5281/zenodo.20708252,https://zenodo.org/records/20708252,https://github.com/danbroz/Med-discovery-public/tree/main/personality_change_due_to_another_medical_condition,True,DOI-indexed Zenodo preprint,US provisional patent pending
84,ocd_related_disorder_due_to_another_medical_condition,MHMDCNS-084,"64/090,879",Application Undergoing Preexam Processing,234900,Pharmaceutical compositions and methods of treating OCD-Related Disorder Due to Another Medical Condition with a combination of pimavanserin and vilazodone,OCD-Related Disorder Due to Another Medical Condition,pimavanserin + vilazodone,10.5281/zenodo.20708254,https://doi.org/10.5281/zenodo.20708254,https://zenodo.org/records/20708254,https://github.com/danbroz/Med-discovery-public/tree/main/ocd_related_disorder_due_to_another_medical_condition,True,DOI-indexed Zenodo preprint,US provisional patent pending
85,delayed_ejaculation,MHMDCNS-085,"64/090,889",Application Undergoing Preexam Processing,234900,Pharmaceutical compositions and methods of treating Delayed Ejaculation with a combination of mianserin and sufentanil,Delayed Ejaculation,mianserin + sufentanil,10.5281/zenodo.20708256,https://doi.org/10.5281/zenodo.20708256,https://zenodo.org/records/20708256,https://github.com/danbroz/Med-discovery-public/tree/main/delayed_ejaculation,True,DOI-indexed Zenodo preprint,US provisional patent pending
86,major_or_mild_ncd_due_to_hiv_infection,MHMDCNS-086,"64/090,891",Application Undergoing Preexam Processing,234900,Pharmaceutical compositions and methods of treating Major or Mild Neurocognitive Disorder Due to HIV Infection with a combination of pitolisant and xanomeline,Major or Mild NCD Due to HIV Infection,pitolisant + xanomeline,10.5281/zenodo.20708258,https://doi.org/10.5281/zenodo.20708258,https://zenodo.org/records/20708258,https://github.com/danbroz/Med-discovery-public/tree/main/major_or_mild_ncd_due_to_hiv_infection,True,DOI-indexed Zenodo preprint,US provisional patent pending
87,major_or_mild_ncd_due_to_huntington_s_disease,MHMDCNS-087,"64/090,896",Application Undergoing Preexam Processing,234900,Pharmaceutical compositions and methods of treating Major or Mild Neurocognitive Disorder Due to Huntington's Disease with a combination of pitolisant and xanomeline,Major or Mild NCD Due to Huntington's Disease,pitolisant + xanomeline,10.5281/zenodo.20708260,https://doi.org/10.5281/zenodo.20708260,https://zenodo.org/records/20708260,https://github.com/danbroz/Med-discovery-public/tree/main/major_or_mild_ncd_due_to_huntington_s_disease,True,DOI-indexed Zenodo preprint,US provisional patent pending
88,pedophilic_disorder,MHMDCNS-088,"64/090,899",Application Undergoing Preexam Processing,234900,Pharmaceutical compositions and methods of treating Pedophilic Disorder with a combination of vilazodone and bicalutamide,Pedophilic Disorder,vilazodone + bicalutamide,10.5281/zenodo.20708262,https://doi.org/10.5281/zenodo.20708262,https://zenodo.org/records/20708262,https://github.com/danbroz/Med-discovery-public/tree/main/pedophilic_disorder,True,DOI-indexed Zenodo preprint,US provisional patent pending
89,other_or_unknown_substance_withdrawal,MHMDCNS-089,"64/090,901",Application Undergoing Preexam Processing,234900,Pharmaceutical compositions and methods of treating Other or Unknown Substance Withdrawal with a combination of delta-9-tetrahydrocannabinol and betaxolol,Other or Unknown Substance Withdrawal,Δ9-tetrahydrocannabinol + betaxolol,10.5281/zenodo.20708264,https://doi.org/10.5281/zenodo.20708264,https://zenodo.org/records/20708264,https://github.com/danbroz/Med-discovery-public/tree/main/other_or_unknown_substance_withdrawal,True,DOI-indexed Zenodo preprint,US provisional patent pending
90,gender_dysphoria,MHMDCNS-090,"64/090,904",Application Undergoing Preexam Processing,234900,Pharmaceutical compositions and methods of reducing acute distress associated with Gender Dysphoria with a combination of mianserin and sufentanil,Gender Dysphoria,mianserin + sufentanil,10.5281/zenodo.20708266,https://doi.org/10.5281/zenodo.20708266,https://zenodo.org/records/20708266,https://github.com/danbroz/Med-discovery-public/tree/main/gender_dysphoria,True,DOI-indexed Zenodo preprint,US provisional patent pending
91,intellectual_developmental_disorder,MHMDCNS-091,"64/090,907",Application Undergoing Preexam Processing,234900,Pharmaceutical compositions and methods of treating Intellectual Developmental Disorder with a combination of pitolisant and oxytocin,Intellectual Developmental Disorder,pitolisant + oxytocin,10.5281/zenodo.20708268,https://doi.org/10.5281/zenodo.20708268,https://zenodo.org/records/20708268,https://github.com/danbroz/Med-discovery-public/tree/main/intellectual_developmental_disorder,True,DOI-indexed Zenodo preprint,US provisional patent pending
92,neurocognitive_disorder_due_to_another_medical_condition,MHMDCNS-092,"64/090,913",Application Undergoing Preexam Processing,234900,Pharmaceutical compositions and methods of treating Neurocognitive Disorder Due to Another Medical Condition with a combination of xanomeline and pitolisant,Neurocognitive Disorder Due to Another Medical Condition,xanomeline + pitolisant,10.5281/zenodo.20708270,https://doi.org/10.5281/zenodo.20708270,https://zenodo.org/records/20708270,https://github.com/danbroz/Med-discovery-public/tree/main/neurocognitive_disorder_due_to_another_medical_condition,True,DOI-indexed Zenodo preprint,US provisional patent pending
93,kleptomania,MHMDCNS-093,"64/091,120",Application Undergoing Preexam Processing,234900,Pharmaceutical compositions and methods of treating Kleptomania with a combination of perospirone and pimavanserin,Kleptomania,perospirone + pimavanserin,10.5281/zenodo.20708272,https://doi.org/10.5281/zenodo.20708272,https://zenodo.org/records/20708272,https://github.com/danbroz/Med-discovery-public/tree/main/kleptomania,True,DOI-indexed Zenodo preprint,US provisional patent pending
94,pyromania,MHMDCNS-094,"64/090,919",Application Undergoing Preexam Processing,234900,Pharmaceutical compositions and methods of treating Pyromania with a combination of perospirone and pimavanserin,Pyromania,perospirone + pimavanserin,10.5281/zenodo.20708274,https://doi.org/10.5281/zenodo.20708274,https://zenodo.org/records/20708274,https://github.com/danbroz/Med-discovery-public/tree/main/pyromania,True,DOI-indexed Zenodo preprint,US provisional patent pending
95,dissociative_amnesia,MHMDCNS-095,"64/090,924",Application Undergoing Preexam Processing,234900,Pharmaceutical compositions and methods of treating Dissociative Amnesia with a combination of vilazodone and crinecerfont,Dissociative Amnesia,vilazodone + crinecerfont,10.5281/zenodo.20708276,https://doi.org/10.5281/zenodo.20708276,https://zenodo.org/records/20708276,https://github.com/danbroz/Med-discovery-public/tree/main/dissociative_amnesia,True,DOI-indexed Zenodo preprint,US provisional patent pending
96,dissociative_identity_disorder,MHMDCNS-096,"64/090,926",Application Undergoing Preexam Processing,234900,Pharmaceutical compositions and methods of treating Dissociative Identity Disorder with a combination of vilazodone and crinecerfont,Dissociative Identity Disorder,vilazodone + crinecerfont,10.5281/zenodo.20708278,https://doi.org/10.5281/zenodo.20708278,https://zenodo.org/records/20708278,https://github.com/danbroz/Med-discovery-public/tree/main/dissociative_identity_disorder,True,DOI-indexed Zenodo preprint,US provisional patent pending
97,rumination_disorder,MHMDCNS-097,"64/090,928",Application Undergoing Preexam Processing,234900,Pharmaceutical compositions and methods of treating Rumination Disorder with a combination of vilazodone and crinecerfont,Rumination Disorder,vilazodone + crinecerfont,10.5281/zenodo.20708280,https://doi.org/10.5281/zenodo.20708280,https://zenodo.org/records/20708280,https://github.com/danbroz/Med-discovery-public/tree/main/rumination_disorder,True,DOI-indexed Zenodo preprint,US provisional patent pending
98,reactive_attachment_disorder,MHMDCNS-098,"64/090,931",Application Undergoing Preexam Processing,234900,Pharmaceutical compositions and methods of treating Reactive Attachment Disorder with a combination of oxytocin and encenicline,Reactive Attachment Disorder,oxytocin + encenicline,10.5281/zenodo.20708282,https://doi.org/10.5281/zenodo.20708282,https://zenodo.org/records/20708282,https://github.com/danbroz/Med-discovery-public/tree/main/reactive_attachment_disorder,True,DOI-indexed Zenodo preprint,US provisional patent pending
99,disinhibited_social_engagement_disorder,MHMDCNS-099,"64/090,935",Application Undergoing Preexam Processing,234900,Pharmaceutical compositions and methods of treating Disinhibited Social Engagement Disorder with a combination of oxytocin and encenicline,Disinhibited Social Engagement Disorder,oxytocin + encenicline,10.5281/zenodo.20708284,https://doi.org/10.5281/zenodo.20708284,https://zenodo.org/records/20708284,https://github.com/danbroz/Med-discovery-public/tree/main/disinhibited_social_engagement_disorder,True,DOI-indexed Zenodo preprint,US provisional patent pending
100,sexual_masochism_disorder,MHMDCNS-100,"64/090,939",Application Undergoing Preexam Processing,234900,Pharmaceutical compositions and methods of treating Sexual Masochism Disorder with a combination of vilazodone and bicalutamide,Sexual Masochism Disorder,vilazodone + bicalutamide,10.5281/zenodo.20708286,https://doi.org/10.5281/zenodo.20708286,https://zenodo.org/records/20708286,https://github.com/danbroz/Med-discovery-public/tree/main/sexual_masochism_disorder,True,DOI-indexed Zenodo preprint,US provisional patent pending
101,sexual_sadism_disorder,MHMDCNS-101,"64/090,941",Application Undergoing Preexam Processing,234900,Pharmaceutical compositions and methods of treating Sexual Sadism Disorder with a combination of vilazodone and bicalutamide,Sexual Sadism Disorder,vilazodone + bicalutamide,10.5281/zenodo.20708288,https://doi.org/10.5281/zenodo.20708288,https://zenodo.org/records/20708288,https://github.com/danbroz/Med-discovery-public/tree/main/sexual_sadism_disorder,True,DOI-indexed Zenodo preprint,US provisional patent pending
102,exhibitionistic_disorder,MHMDCNS-102,Awaiting confirmation,Awaiting confirmation,,Pharmaceutical compositions and methods of treating Exhibitionistic Disorder with a combination of vilazodone and bicalutamide,Exhibitionistic Disorder,vilazodone + bicalutamide,10.5281/zenodo.20708290,https://doi.org/10.5281/zenodo.20708290,https://zenodo.org/records/20708290,https://github.com/danbroz/Med-discovery-public/tree/main/exhibitionistic_disorder,True,DOI-indexed Zenodo preprint,US provisional patent pending
103,voyeuristic_disorder,MHMDCNS-103,"64/090,952",Application Undergoing Preexam Processing,234900,Pharmaceutical compositions and methods of treating Voyeuristic Disorder with a combination of vilazodone and bicalutamide,Voyeuristic Disorder,vilazodone + bicalutamide,10.5281/zenodo.20708293,https://doi.org/10.5281/zenodo.20708293,https://zenodo.org/records/20708293,https://github.com/danbroz/Med-discovery-public/tree/main/voyeuristic_disorder,True,DOI-indexed Zenodo preprint,US provisional patent pending
104,frotteuristic_disorder,MHMDCNS-104,"64/090,954",Application Undergoing Preexam Processing,234900,Pharmaceutical compositions and methods of treating Frotteuristic Disorder with a combination of vilazodone and bicalutamide,Frotteuristic Disorder,vilazodone + bicalutamide,10.5281/zenodo.20708295,https://doi.org/10.5281/zenodo.20708295,https://zenodo.org/records/20708295,https://github.com/danbroz/Med-discovery-public/tree/main/frotteuristic_disorder,True,DOI-indexed Zenodo preprint,US provisional patent pending
105,fetishistic_disorder,MHMDCNS-105,"64/090,959",Application Undergoing Preexam Processing,234900,Pharmaceutical compositions and methods of treating Fetishistic Disorder with a combination of vilazodone and bicalutamide,Fetishistic Disorder,vilazodone + bicalutamide,10.5281/zenodo.20708297,https://doi.org/10.5281/zenodo.20708297,https://zenodo.org/records/20708297,https://github.com/danbroz/Med-discovery-public/tree/main/fetishistic_disorder,True,DOI-indexed Zenodo preprint,US provisional patent pending
106,transvestic_disorder,MHMDCNS-106,"64/090,964",Application Undergoing Preexam Processing,234900,Pharmaceutical compositions and methods of treating Transvestic Disorder with a combination of vilazodone and bicalutamide,Transvestic Disorder,vilazodone + bicalutamide,10.5281/zenodo.20708299,https://doi.org/10.5281/zenodo.20708299,https://zenodo.org/records/20708299,https://github.com/danbroz/Med-discovery-public/tree/main/transvestic_disorder,True,DOI-indexed Zenodo preprint,US provisional patent pending
107,prion_disease_neurocognitive_disorder,MHMDCNS-107,"64/090,969",Application Undergoing Preexam Processing,234900,Pharmaceutical compositions and methods of palliative cognitive support in Prion Disease Neurocognitive Disorder with a combination of pitolisant and xanomeline,Prion Disease Neurocognitive Disorder,pitolisant + xanomeline,10.5281/zenodo.20708301,https://doi.org/10.5281/zenodo.20708301,https://zenodo.org/records/20708301,https://github.com/danbroz/Med-discovery-public/tree/main/prion_disease_neurocognitive_disorder,True,DOI-indexed Zenodo preprint,US provisional patent pending
108,childhood_onset_fluency_disorder_stuttering,MHMDCNS-108,"64/090,974",Application Undergoing Preexam Processing,234900,Pharmaceutical compositions and methods of treating Childhood-Onset Fluency Disorder (Stuttering) with a combination of pitolisant and oxytocin,Childhood-Onset Fluency Disorder (Stuttering),pitolisant + oxytocin,10.5281/zenodo.20708303,https://doi.org/10.5281/zenodo.20708303,https://zenodo.org/records/20708303,https://github.com/danbroz/Med-discovery-public/tree/main/childhood_onset_fluency_disorder_stuttering,True,DOI-indexed Zenodo preprint,US provisional patent pending
109,language_disorder,MHMDCNS-109,"64/090,977",Application Undergoing Preexam Processing,234900,Pharmaceutical compositions and methods of treating Language Disorder with a combination of pitolisant and oxytocin,Language Disorder,pitolisant + oxytocin,10.5281/zenodo.20708305,https://doi.org/10.5281/zenodo.20708305,https://zenodo.org/records/20708305,https://github.com/danbroz/Med-discovery-public/tree/main/language_disorder,True,DOI-indexed Zenodo preprint,US provisional patent pending
110,speech_sound_disorder,MHMDCNS-110,"64/090,985",Application Undergoing Preexam Processing,234900,Pharmaceutical compositions and methods of treating Speech Sound Disorder with a combination of pitolisant and oxytocin,Speech Sound Disorder,pitolisant + oxytocin,10.5281/zenodo.20708307,https://doi.org/10.5281/zenodo.20708307,https://zenodo.org/records/20708307,https://github.com/danbroz/Med-discovery-public/tree/main/speech_sound_disorder,True,DOI-indexed Zenodo preprint,US provisional patent pending
111,social_pragmatic_communication_disorder,MHMDCNS-111,"64/090,990",Application Undergoing Preexam Processing,234900,Pharmaceutical compositions and methods of treating Social (Pragmatic) Communication Disorder with a combination of pitolisant and oxytocin,Social (Pragmatic) Communication Disorder,pitolisant + oxytocin,10.5281/zenodo.20708309,https://doi.org/10.5281/zenodo.20708309,https://zenodo.org/records/20708309,https://github.com/danbroz/Med-discovery-public/tree/main/social_pragmatic_communication_disorder,True,DOI-indexed Zenodo preprint,US provisional patent pending
112,developmental_coordination_disorder,MHMDCNS-112,"64/090,995",Application Undergoing Preexam Processing,234900,Pharmaceutical compositions and methods of treating Developmental Coordination Disorder with a combination of pitolisant and oxytocin,Developmental Coordination Disorder,pitolisant + oxytocin,10.5281/zenodo.20708311,https://doi.org/10.5281/zenodo.20708311,https://zenodo.org/records/20708311,https://github.com/danbroz/Med-discovery-public/tree/main/developmental_coordination_disorder,True,DOI-indexed Zenodo preprint,US provisional patent pending
